{"train loss": 0.34360302323194547, "vali loss": 0.7862286296824517, "test loss": 0.4034025676954501, "MAE loss": 0.4220670147115374, "_timestamp": 1721778418.772611, "_runtime": 3054.1636798381805, "_step": 12, "mae": 0.4158878296146648, "mse": 0.390620187708607, "rmse": 0.6249961501550285, "mape": 9.434768370537455, "mspe": 35430.677275615075, "_wandb": {"runtime": 3053}}