{"train loss": 0.33955853774202227, "vali loss": 0.8035703515649233, "test loss": 0.40262834879429016, "MAE loss": 0.42295137822187595, "_timestamp": 1721359296.4062822, "_runtime": 7474.708885192871, "_step": 11, "mae": 0.4165817554757233, "mse": 0.3941175911010329, "rmse": 0.6277878551716598, "mape": 9.251958140909155, "mspe": 32980.93685707236, "_wandb": {"runtime": 7474}}