{"train loss": 0.36145020818245566, "vali loss": 0.7893721609084281, "test loss": 0.4013739353350145, "MAE loss": 0.4200301489109183, "_timestamp": 1721375855.9558656, "_runtime": 9108.477731704712, "_step": 13, "mae": 0.4192041537185353, "mse": 0.39641035254969487, "rmse": 0.6296112709836879, "mape": 9.421079467437576, "mspe": 36621.35668584294, "_wandb": {"runtime": 9108}}