{"train loss": 0.35704203739584206, "vali loss": 0.7873495478176914, "test loss": 0.4051063519104251, "MAE loss": 0.4239490329118198, "_timestamp": 1721784591.9340339, "_runtime": 3231.943081855774, "_step": 12, "mae": 0.42500335615083606, "mse": 0.4065508920077482, "rmse": 0.6376134346198707, "mape": 9.112907325060466, "mspe": 32822.7392474334, "_wandb": {"runtime": 3231}}