{"train loss": 0.35847657906208513, "vali loss": 0.7618644862437287, "test loss": 0.3983450092249879, "MAE loss": 0.4199650881227797, "_timestamp": 1721393990.1408994, "_runtime": 16191.318263530731, "_step": 13, "mae": 0.4207469310428671, "mse": 0.3982412416989995, "rmse": 0.6310635797595988, "mape": 9.373595144834018, "mspe": 36488.710023849046, "_wandb": {"runtime": 16191}}