{"train loss": 0.24893782203873926, "vali loss": 0.9175080303683852, "test loss": 0.46068840183788673, "MAE loss": 0.4579371434677704, "_timestamp": 1721273149.1850033, "_runtime": 13688.24193739891, "_step": 11, "_wandb": {"runtime": 13688}}