{"train loss": 0.3578229230543939, "vali loss": 0.7875630601457578, "test loss": 0.4070262823499317, "MAE loss": 0.42118537162655384, "_timestamp": 1721377773.6880515, "_runtime": 15216.794124364853, "_step": 12, "mae": 0.42125825165631875, "mse": 0.4020788705417628, "rmse": 0.6340968936540872, "mape": 9.309785302813589, "mspe": 34469.703968288726, "_wandb": {"runtime": 15216}}