{"train loss": 0.3503928924987583, "vali loss": 0.7989396003055064, "test loss": 0.3992197430353881, "MAE loss": 0.4178437632929124, "_timestamp": 1721366730.8859472, "_runtime": 7416.281451225281, "_step": 11, "mae": 0.4232398818582045, "mse": 0.40404727890312153, "rmse": 0.6356471339533606, "mape": 9.20933979140578, "mspe": 31901.220560050584, "_wandb": {"runtime": 7416}}