{"train loss": 0.2346453047550973, "vali loss": 0.9651438094712244, "test loss": 0.4694576341542607, "MAE loss": 0.46836724868793594, "_timestamp": 1721350495.2330217, "_runtime": 12395.918197631836, "_step": 11, "_wandb": {"runtime": 12395}}