{"train loss": 0.24624279094992474, "vali loss": 0.8979215266424643, "test loss": 0.455958548399554, "MAE loss": 0.4596744356233449, "_timestamp": 1721351803.9821725, "_runtime": 7915.198201417923, "_step": 12, "mae": 0.4198608444004883, "mse": 0.40481051635866866, "rmse": 0.6362472132423597, "mape": 10.11559039235223, "mspe": 41820.609112093276, "_wandb": {"runtime": 7914}}