{"train loss": 0.26901173468002826, "vali loss": 0.9473113236560414, "test loss": 0.44895625179740545, "MAE loss": 0.45432422370672815, "_timestamp": 1721362539.4760048, "_runtime": 12027.892760753632, "_step": 11, "mae": 0.4159325527384789, "mse": 0.39424057992961187, "rmse": 0.6278858016627004, "mape": 9.14428839816642, "mspe": 30925.33232771013, "_wandb": {"runtime": 12027}}