{"train loss": 0.2340531911697453, "vali loss": 0.42589339211720284, "test loss": 0.32726577097148846, "MAE loss": 0.3687874567447131, "_timestamp": 1721335723.8079689, "_runtime": 29804.94321489334, "_step": 8}