{"train loss": 0.22387662793981028, "vali loss": 0.4034643268489203, "test loss": 0.3335912398749492, "MAE loss": 0.37266425778414786, "_timestamp": 1721342931.4933732, "_runtime": 37012.62861919403, "_step": 11, "mae": 0.3654045535648706, "mse": 0.323862664808204, "rmse": 0.5690893293747512, "mape": 2.2892692159697057, "mspe": 372.4871909785177, "_wandb": {"runtime": 37012}}