{"train loss": 0.3223025591966607, "vali loss": 0.834365506489778, "test loss": 0.4079529473654412, "MAE loss": 0.42551457361977285, "_timestamp": 1721781344.584838, "_runtime": 2907.2115199565887, "_step": 11, "mae": 0.4136886496069708, "mse": 0.39160346786551564, "rmse": 0.6257822847169099, "mape": 9.42041845310982, "mspe": 35588.80593625846, "_wandb": {"runtime": 2906}}