{"train loss": 0.3661380243203012, "vali loss": 0.7815652863781636, "test loss": 0.3939769763158472, "MAE loss": 0.41699978390827847, "_timestamp": 1721789360.1076112, "_runtime": 4752.459593296051, "_step": 13, "mae": 0.4226882796751637, "mse": 0.3972633208962508, "rmse": 0.630288283959214, "mape": 9.252022596215722, "mspe": 34746.61774936226, "_wandb": {"runtime": 4752}}