{"train loss": 0.24893782203873926, "vali loss": 0.9175080303683852, "test loss": 0.46068840183788673, "MAE loss": 0.4579371434677704, "_timestamp": 1721297110.0063815, "_runtime": 9584.289546489716, "_step": 12, "mae": 0.42136339970199943, "mse": 0.4022106322477058, "rmse": 0.634200782282477, "mape": 9.643027075303083, "mspe": 37036.212170899824, "_wandb": {"runtime": 9584}}