{"train loss 0": 0.1398423362902843, "vali loss 0": 0.9778359193226387, "test loss 0": 0.47665704687910493, "MAE loss 0": 0.473116939492854, "_timestamp": 1721949268.8340266, "_runtime": 10157.34391450882, "_step": 15, "mae 0": 0.4280153539735526, "mse 0": 0.4099418096676201, "rmse 0": 0.6402669831153408, "mape 0": 9.847479947998941, "mspe 0": 35991.86430367225, "train loss 1": 0.11016810721228526, "vali loss 1": 0.9418143343259939, "test loss 1": 0.46058371572943374, "MAE loss 1": 0.458847533055078}