{"train loss": 0.277581082420571, "vali loss": 0.24707674071779978, "test loss": 0.32714467112541545, "MAE loss": 0.37803247945355667, "_timestamp": 1721305903.2027028, "_runtime": 8775.987863779068, "_step": 11, "mae": 0.34333511604398087, "mse": 0.27868956429411, "rmse": 0.5279105646737049, "mape": 1.3444954403308496, "mspe": 282.4390684661217, "_wandb": {"runtime": 8775}}